Call Number,Part,AWM Call No. 
12770 (1),1,AWM SC 12770(1)
12770 (2),2,AWM SC 12770(2)
12771,,AWM SC 12771
12772,,AWM SC 12772
12773,,AWM SC 12773
12774,,AWM SC 12774
12775,,AWM SC 12775
12776,,AWM SC 12776
12777,,AWM SC 12777
12778(1),1,AWM SC 12778(1)
12778(2),2,AWM SC 12778(2)
,,AWM SC 12779
,,AWM SC 12780
,1,AWM SC 12781(1)
,2,AWM SC 12781(2)
,,AWM SC 12782
,,AWM SC 12783
,,AWM SC 12784
,,AWM SC 12785
,,AWM SC 12786
,,AWM SC 12787
,,AWM SC 12788
,,AWM SC 12789
,1,AWM SC 12790(1)
,2,AWM SC 12790(2)
,3,AWM SC 12790(3)
,,AWM SC 12791
,1,AWM SC 12792(1)
,2,AWM SC 12792(2)
,,AWM SC 12793
,,AWM SC 12794
,,AWM SC 12795
,,AWM SC 12796
,,AWM SC 12797
,,AWM SC 12798
,1,AWM SC 12799(1)
,2,AWM SC 12799(2)
,,AWM SC 12800
,,AWM SC 12801
,,AWM SC 12802
,,AWM SC 12803
,,AWM SC 12804
,,AWM SC 12805
,,AWM SC 12806
,,AWM SC 12807
,,AWM SC 12808
,1,AWM SC 12809(1)
,2,AWM SC 12809(2)
,,AWM SC 12810
,1,AWM SC 12811(1)
,2,AWM SC 12811(2)
,,AWM SC 12812
,,AWM SC 12813
,,AWM SC 12814
,,AWM SC 12816
,,AWM SC 12817
,,AWM SC 12818
,,AWM SC 12819
,1,AWM SC 12820(1)
,2,AWM SC 12820(2)
,1,AWM SC 12821(1)
,2,AWM SC 12821(2)
,1,AWM SC 12822(1)
,2,AWM SC 12822(2)
,,AWM SC 12823
,,AWM SC 12824
,,AWM SC 12825
,,AWM SC 12826
,,AWM SC 12827
,1,AWM SC 12828(1)
,2,AWM SC 12828(2)
,1,AWM SC 12829(1)
,2,AWM SC 12829(2)
,,AWM SC 12830
,1,AWM SC 12831(1)
,2,AWM SC 12831(2)
,3,AWM SC 12831(3)
,1,AWM SC 12832(1)
,2,AWM SC 12832(2)
,3,AWM SC 12832(3)
,1,AWM SC 12833(1)
,2,AWM SC 12833(2)
,3,AWM SC 12833(3)
,,AWM SC 12834
,1,AWM SC 12835(1)
,2,AWM SC 12835(2)
,1,AWM SC 12836(1)
,2,AWM SC 12836(2)
,3,AWM SC 12836(3)
,,AWM SC 12837
,,AWM SC 12838
,,AWM SC 12839
,,AWM SC 12840
,,AWM SC 12841
,,AWM SC 12842
,,AWM SC 12843
,,AWM SC 12844
,,AWM SC 12845
,,AWM SC 12846
,,AWM SC 12847
,,AWM SC 12848
,,AWM SC 12849
,1,AWM SC 12850(1)
,2,AWM SC 12850(2)
,,AWM SC 12851
,1,AWM SC 12852(1)
,2,AWM SC 12852(2)
,3,AWM SC 12852(3)
,1,AWM SC 12853(1)
,2,AWM SC 12853(2)
,1,AWM SC 12854(1)
,2,AWM SC 12854(2)
,1,AWM SC 12855(1)
,2,AWM SC 12855(2)
,3,AWM SC 12855(3)
,,AWM SC 12856
,,AWM SC 12857
,1,AWM SC 12858(1)
,2,AWM SC 12858(2)
,3,AWM SC 12858(3)
,1,AWM SC 12859(1)
,2,AWM SC 12859(2)
,3,AWM SC 12859(3)
,,AWM SC 12860
,,AWM SC 12861
,,AWM SC 12863
,1,AWM SC 12862(1)
,2,AWM SC 12862(2)
,3,AWM SC 12862(3)
,1,AWM SC 12864(1)
,2,AWM SC 12864(2)
,1,AWM SC 12865(1)
,2,AWM SC 12865(2)
,3,AWM SC 12865(3)
,,AWM SC 12866
,,AWM SC 12867
,,AWM SC 12868
,1,AWM SC 12869(1)
,2,AWM SC 12869(2)
,1,AWM SC 12870(1)
,2,AWM SC 12870(2)
,,AWM SC 12871
,,AWM SC 12872
,,AWM SC 12873
,,AWM SC 12874
,1,AWM SC 12875(1)
,2,AWM SC 12875(2)
,1,AWM SC 12876(1)
,2,AWM SC 12876(2)
,1,AWM SC 12877(1)
,2,AWM SC 12877(2)
,3,AWM SC 12877(3)
,,AWM SC 12878
,,AWM SC 12879
,1,AWM SC 12885(1)
,2,AWM SC 12885(2)
,1,AWM SC 12815(1)
,2,AWM SC 12815(2)
,1,AWM SC 12880(1)
,2,AWM SC 12880(2)
,,AWM SC 12881
,1,AWM SC 12882(1)
,2,AWM SC 12882(2)
,1,AWM SC 12883(1)
,2,AWM SC 12883(2)
,,AWM SC 12884
,1,AWM SC 12886(1)
,2,AWM SC 12886(2)
,,AWM SC 12887
,,AWM SC 12888
,,AWM SC 12889
,1,AWM SC 12890(1)
,2,AWM SC 12890(2)
,,AWM SC 12891
,,AWM SC 12892
,,AWM SC 12893
,,AWM SC 12899
,1,AWM SC 12894(1)
,2,AWM SC 12894(2)
,,AWM SC 12895
,,AWM SC 12895
,,AWM SC 12896
,,AWM SC 12897
,,AWM SC 12898
,,AWM SC 12900
,,AWM SC 12901
,,AWM SC 12902
,,AWM SC 12903
,,AWM SC 12904
,1,AWM SC 12905
,2,AWM SC 12906
,,AWM SC 12907
,1,AWM SC 12908(1)
,2,AWM SC 12908(2)
,1,AWM SC 12909(1)
,2,AWM SC 12909(2)
,1,AWM SC 12910(1)
,2,AWM SC 12910(2)
,,AWM SC 12911
,1,AWM SC 12912(1)
,2,AWM SC 12912(2)
,1,AWM SC 12913(1)
,2,AWM SC 12913(2)
,,AWM SC 12914
,,AWM SC 12915
,,AWM SC 12916
,,AWM SC 12917
,,AWM SC 12918
,1,AWM SC 12919(1)
,2,AWM SC 12919(2)
,,AWM SC 12920
,,AWM SC 12921
,1,AWM SC 12922(1)
,2,AWM SC 12922(2)
,,AWM SC 12923
,1,AWM SC 12924(1)
,2,AWM SC 12924(2)
,3,AWM SC 12924(3)
,1,AWM SC 12925(1)
,2,AWM SC 12925(2)
,,AWM SC 12926
,,AWM SC 12927
,,AWM SC 12928
,,AWM SC 12929
,,AWM SC 12930
,,AWM SC 12931
,,AWM SC 12932
,,AWM SC 12933
,,AWM SC 12934
,,AWM SC 12935
,,AWM SC 12936
,,AWM SC 12937
,1,AWM SC 12942(1)
,2,AWM SC 12942(2)
,3,AWM SC 12942(3)
,,AWM SC 12943
,,AWM SC 12978
,,AWM SC 12944
,,AWM SC 12945
,1,AWM SC 12946(1)
,2,AWM SC 12946(2)
,1,AWM SC 12947(1)
,2,AWM SC 12947(2)
,,AWM SC 12948
,,AWM SC 12949
,,AWM SC 12950
,,AWM SC 12951
,1,AWM SC 12952(1)
,2,AWM SC 12952(2)
,1,AWM SC 12953(1)
,2,AWM SC 12953(2)
,,AWM SC 12954
,,AWM SC 12955
,1,AWM SC 12956(1)
,2,AWM SC 12956(2)
,1,AWM SC 12957(1)
,2,AWM SC 12957(2)
,,AWM SC 12958
,,AWM SC 12959
,1,AWM SC 12960(1)
,2, AWM SC 12960(2)
,1,AWM SC 12961(1)
,2,AWM SC 12961(2)
,1,AWM SC 12962(1)
,2,AWM SC 12962(2)
,,AWM SC 12963
,,AWM SC 12964
,1,AWM SC 12965(1)
,2,AWM SC 12965(2)
,,AWM SC 12966
,1,AWM SC 12969(1)
,2,AWM SC 12969(2)
,1,AWM SC 12970(1)
,2,AWM SC 12970(2)
,,AWM SC 12971
,1,AWM SC 12972(1)
,2,AWM SC 12972(2)
,3,AWM SC 12973(3)
,1,AWM SC 12974(1)
,2,AWM SC 12974(2)
,1,AWM SC 12975(1)
,2,AWM SC 12975(2)
,1,AWM SC 12976(1)
,2,AWM SC 12976(2)
,,AWM SC 12977
,,AWM SC 12979(1)
,,AWM SC 12979(2)
,,AWM SC 12979(3)
,1,AWM SC 12980(1)
,2,AWM SC 12980(2)
,1,AWM SC 12981(1)
,2,AWM SC 12981(2)
,1,AWM SC 12982(1)
,2,AWM SC 12982(2)
,3,AWM SC 12982(3)
,,AWM SC 12983
,1,AWM SC 12984(1)
,2,AWM SC 12984(2)
,1,AWM SC 12985(1)
,2,AWM SC 12985(2)
,,AWM SC 12986
,1,AWM SC 12987(1)
,2,AWM SC 12987(2)
,3,AWM SC 12987(3)
,,AWM SC 12988
,,AWM SC 12989
,1,AWM SC 12990(1)
,2,AWM SC 12990(2)
,,AWM SC 12991
,1,AWM SC 12992(1)
,2,AWM SC 12992(2)
,3,AWM SC 12992(3)
,,AWM SC 12993
,,AWM SC 12994
,,AWM SC 12995
,,AWM SC 12996
,,AWM SC 12997
,1,AWM SC 12998(1)
,2,AWM SC 12998(2)
,,AWM SC 12999
,1,AWM SC 13000(1)
,2,AWM SC 13000(2)
,,AWM SC 13001
,,AWM SC 13002
,,AWM SC 13003
,,AWM SC 13004
,,AWM SC 13005
,,AWM SC 13006
,,AWM SC 13007
,,AWM SC 13008
,1,AWM SC 13009(1)
,2,AWM SC 13009(2)
,3,AWM SC 13009(3)
,,AWM SC 13010
,,AWM SC 13011
,,AWM SC 13012
,,AWM SC 13013
,,AWM SC 13014
,,AWM SC 13015
,,AWM SC 13016
,,AWM SC 13018
,,AWM SC 13019
,,AWM SC 13020
,,AWM SC 13021
,1,AWM SC 13022(1)
,2,AWM SC 13022(2)
,,AWM SC 13023
,1,AWM SC 13024(1)
,2,AWM SC 13024(2)
,3,AWM SC 13024(3)
,1,AWM SC 13025(1)
,2,AWM SC 13025(2)
,3,AWM SC 13025(3)
,1,AWM SC 13026(1)
,2,AWM SC 13026(2)
,3,AWM SC 13026(3)
,1,AWM SC 13027(1)
,2,AWM SC 13027(2)
,1,AWM SC 13028(1)
,2,AWM SC 13028(2)
,3,AWM SC 13028(3)
,1,AWM SC 13029(1)
,2,AWM SC 13029(2)
,3,AWM SC 13029(3)
,1,AWM SC 13031(1)
,2,AWM SC 13031(2)
,,AWM SC 13017
,,AWM SC 13032
,,AWM SC 13033
,,AWM SC 13034
,,AWM SC 13035
,,AWM SC 13036
,,AWM SC 13037
,,AWM SC 13038
,,AWM SC 13039
,,AWM SC 13040
,,AWM SC 13041
,,AWM SC 13042
,,AWM SC 13043
,,AWM SC 13044
,,AWM SC 13045
,,AWM SC 13046
,,AWM SC 13047
,,AWM SC 13048
,,AWM SC 13049
,,AWM SC 13050
,,AWM SC 13051
,,AWM SC 13052
,,AWM SC 13053
,,AWM SC 13054
,,AWM SC 13055
,,AWM SC 13056
,,AWM SC 13057
,,AWM SC 13058
,1,AWM SC 13030(1)
,2,AWM SC 13030(2)
,1,AWM SC 13059(1)
,2,AWM SC 13059(2)
,3,AWM SC 13060(3)
,1,AWM SC 13061(1)
,2,AWM SC 13061(2)
,1,AWM SC 13062(1)
,2,AWM SC 13062(2)
,3,AWM SC 13062(3)
,1,AWM SC 13063(1)
,2,AWM SC 13063(2)
,1,AWM SC 13064(1)
,2,AWM SC 13064(2)
,1,AWM SC 13065(1)
,2,AWM SC 13065(2)
,1,AWM SC 13066(1)
,2,AWM SC 13066(2)
,1,AWM SC 13067(1)
,2,AWM SC 13067(2)
,,AWM SC 13068
,,AWM SC 13069
,,AWM SC 13070
,,AWM SC 13071
,,AWM SC 13072
,,AWM SC 13073
,1,AWM SC 12967(1)
,2,AWM SC 12967(2)
,,AWM SC 13074
,,AWM SC 13075
,1,AWM SC 13076(1)
,2,AWM SC 13076(2)
,3,AWM SC 13076(3)
,1,AWM SC 13077(1)
,2,AWM SC 13077(2)
,1,AWM SC 12968(1)
,2,AWM SC 12968(2)
,1,AWM SC 13079(1)
,2,AWM SC 13079(2)
,3,AWM SC 13079(3)
,,AWM SC 13080
,,AWM SC 13081
,1,AWM SC 13078(1)
,2,AWM SC 13078(2)
,3,AWM SC 13078(3)
,1,AWM SC 13082(1)
,2,AWM SC 13082(2)
,,AWM SC 13083
,,AWM SC 13084
,1,AWM SC 13085(1)
,2,AWM SC 13085(2)
,1,AWM SC 13086(1)
,2,AWM SC 13086(2)
,1,AWM SC 13087(1)
,2,AWM SC 13087(2)
,,AWM SC 13088
,1,AWM SC 13089(1)
,2,AWM SC 13089(2)
,,AWM SC 13090
,1,AWM SC 13091(1)
,2,AWM SC 13091(2)
,1,AWM SC 13092(1)
,2,AWM SC 13092(2)
,,AWM SC 13093
,1,AWM SC 13094(1)
,2,AWM SC 13094(2)
,1,AWM SC 13095(1)
,2,AWM SC 13095(2)
,1,AWM SC 13096(1)
,2,AWM SC 13096(2)
,,AWM SC 13097
,,AWM SC 13098
,,AWM SC 13099
,1,AWM SC 13110(1)
,2,AWM SC 13110(2)
,1,AWM SC 13111(1)
,2,AWM SC 13111(2)
,1,AWM SC 13116(1)
,2,AWM SC 13116(2)
,1,AWM SC 13117(1)
,2,AWM SC 13117(2)
,3,AWM SC 13117(3)
,1,AWM SC 13112(1)
,2,AWM SC 13112(2)
,1,AWM SC 13113(1)
,2,AWM SC 13113(2)
,1,AWM SC 13114(1)
,2,AWM SC 13114(2)
,1,AWM SC 13115(1)
,2,AWM SC 13115(2)
,1,AWM SC 13118(1)
,2,AWM SC 13118(2)
,1,AWM SC 13119(1)
,2,AWM SC 13119(2)
,1,AWM SC 13120(1)
,2,AWM SC 13120(2)
,1,AWM SC 13121(1)
,2,AWM SC 13121(2)
,1,AWM SC 13122(1)
,2,AWM SC 13122(2)
,,AWM SC 13123
,1,AWM SC 13124(1)
,2,AWM SC 13124(2)
,,AWM SC 13125
,,AWM SC 13126
,1,AWM SC 13130(1)
,2,AWM SC 13130(2)
,3,AWM SC 13130(3)
,1,AWM SC 13131(1)
,2,AWM SC 13131(2)
,3,AWM SC 13131(3)
,1,AWM SC 13129(1)
,2,AWM SC 13129(2)
,,AWM SC 13127
,1,AWM SC 13128(1)
,2,AWM SC 13128(2)
,,AWM SC 13132
,,AWM SC 13133
,,AWM SC 13134
,1,AWM SC 13135(1)
,2,AWM SC 13135(2)
,1,AWM SC 13136(1)
,2,AWM SC 13136(2)
,,AWM SC 13137
,,AWM SC 13138
,,AWM SC 13139
,,AWM SC 13140
,1,AWM SC 13141(1)
,2,AWM SC 13141(2)
,,AWM SC 13142
,,AWM SC 13143
,,AWM SC 13144
,,AWM SC 13145
,,AWM SC 13146
,,AWM SC 13147
,,AWM SC 13148
,,AWM SC 13149
,1,AWM SC 13150(1)
,2,AWM SC 13150(2)
,,AWM SC 13151
,,AWM SC 13152
,,AWM SC 13153
,,AWM SC 13154
,1,AWM SC 13155(1)
,2,AWM SC 13155(2)
,1,AWM SC 13156(1)
,2,AWM SC 13156(2)
,3,AWM SC 13156(3)
,4,AWM SC 13156(4)
,5,AWM SC 13156(5)
,1,AWM SC 13157(1)
,2,AWM SC 13157(2)
,1,AWM SC 13158(1)
,2,AWM SC 13158(2)
,3,AWM SC 13159(3)
,1,AWM SC 13160(1)
,2,AWM SC 13160(2)
,1,AWM SC 13161(1)
,2,AWM SC 13161(2)
,3,AWM SC 13161(3)
,1,AWM SC 13162(1)
,2,AWM SC 13162(2)
,3,AWM SC 13162(3)
,,AWM SC 13163
,,AWM SC 13164
,,AWM SC 13165
,,AWM SC 13166
,1,AWM SC 13167(1)
,2,AWM SC 13167(2)
,3,AWM SC 13167(3)
,,AWM SC 13168
,,AWM SC 13169
,1,AWM SC 13170(1)
,2,AWM SC 13170(2)
,1,AWM SC 13171(1)
,2,AWM SC 13171(2)
,,AWM SC 13172
,,AWM SC 13173
,,AWM SC 13174
,,AWM SC 13175
,1,AWM SC 13235
,2,AWM SC 13234
,1,AWM SC 13176(1)
,2,AWM SC 13176(2)
,3,AWM SC 13176(3)
,1,AWM SC 12939(1)
,2,AWM SC 12939(2)
,,AWM SC 13177
,,AWM SC 13178
,1,AWM SC 13179(1)
,2,AWM SC 13179(2)
,1,AWM SC 13180(1)
,2,AWM SC 13180(2)
,3,AWM SC 13180(3)
,1,AWM SC 13181(1)
,2,AWM SC 13182(2)
,1,AWM SC 13183(1)
,2,AWM SC 13183(2)
,1,AWM SC 13184(1)
,2,AWM SC 13184(2)
,,AWM SC 13169(1)
,,AWM SC 13171
,,AWM SC 13172
,,AWM SC 13173
,1,AWM SC 13175(1)
,2,AWM SC 13175(2)
,,AWM SC 13174
,1,AWM SC 13176(1)
,2,AWM SC 13176(2)
,1,AWM SC 13184(1)
,2,AWM SC 13184(2)
,1,AWM SC 13183(1)
,2,AWM SC 13183(2)
,,AWM SC 13178
,,AWM SC 13179
,,AWM SC 13180
,,AWM SC 13181
,1,AWM SC 13182(1)
,2,AWM SC 13182(2)
,,AWM SC 13185
,,AWM SC 13177
,,AWM SC 13195
,,AWM SC 13197
,,AWM SC 13205
,,AWM SC 13215
,,AWM SC 13213
,1,AWM SC 13192(1)
,2,AWM SC 13192(2)
,3,AWM SC 13192(3)
,1,AWM SC 13201(1)
,2,AWM SC 13201(2)
,,AWM SC 13196
,1,AWM SC 13186(1)
,2,AWM SC 13186(2)
,,AWM SC 13206
,,AWM SC 13217
,,AWM SC 13204
,1,AWM SC 13210(1)
,2,AWM SC 13210(2)
,3,AWM SC 13210(3)
,4,AWM SC 13210(4)
,,AWM SC 13199
,,AWM SC 13187
,,AWM SC 13188
,1,AWM SC 13189 (1)
,2,AWM SC 13189(2)
,,AWM SC 13190
,,AWM SC 13191
,,AWM SC 13193
,,AWM SC 13194
,,AWM SC 13198
,,AWM SC 13200
,,AWM SC 13202
,,AWM SC 13203
,1,AWM SC 13207(1)
,2,AWM SC 13207(2)
,1,AWM SC 13208(1)
,2,AWM SC 13208(2)
,3,AWM SC 13208(3)
,,AWM SC 13209
,,AWM SC 13211
,,AWM SC 13212(1)
,,AWM SC 13212(2)
,,AWM SC 13212(3)
,,AWM SC 13214
,,AWM SC 13216
,,AWM SC 13218
,,AWM SC 13222
,,AWM SC 13225
,1,AWM SC 13219(1)
,2,AWM SC 13219(2)
,1,AWM SC 13224(1)
,2,AWM SC 13224(2)
,3,AWM SC 13224(3)
,1,AWM SC 13223(1)
,2,AWM SC 13223(2)
,3,AWM SC 13223(3)
,,AWM SC 13220
,,AWM SC 13221
,1,AWM SC 13227(1)
,2,AWM SC 13227(2)
,3,AWM SC 13227(3)
,,AWM SC 13226
,1,AWM SC 13228(1)
,2,AWM SC 13228(2)
,1,AWM SC 13232(1)
,2,AWM SC 13232(2)
,1,AWM SC 13231(1)
,2,AWM SC 13231(2)
,3,AWM SC 13231(3)
,1,AWM SC 13230(1)
,2,AWM SC 13230(2)
,3,AWM SC 13230(3)
,,AWM SC 13229
,,AWM SC 13233
,,AWM SC 13236
,,AWM SC 13237
,1,AWM SC 13238(1)
,2,AWM SC 13238(1)
,,AWM SC 13239
,,AWM SC 13240
,,AWM SC 13241
,1,AWM SC 13247(1)
,2,AWM SC 13247(2)
,1,AWM SC 13246(1)
,2,AWM SC 13246(1)
,1,AWM SC 13245(1)
,2,AWM SC 13245(2)
,,AWM SC 13242
,,AWM SC 13243
,,AWM SC 13244
,,AWM SC 13248
,1,AWM SC 13249(1)
,2,AWM SC 13249(2)
,,AWM SC 13250
,1,AWM SC 12938(1)
,2,AWM SC 12938(2)
,,AWM SC 13256
,,AWM SC 13251
,,AWM SC 12941
,,AWM SC 12940
,,AWM SC 13252
,,AWM SC 13253
,,AWM SC 13258
,,AWM SC 13254
,,AWM SC 13255
,1,AWM SC 13257(1)
,2,AWM SC 13257(2)
,,AWM SC 13259
,,AWM SC 13260
,1,AWM SC 13261(1)
,2,AWM SC 13261(2)
,1,AWM SC 13262(1)
,2,AWM SC 13262(2)
,3,AWM SC 13262(3)
,1,AWM SC 13265(1)
,2,AWM SC 13265(2)
,1,AWM SC 13264(1)
,2,AWM SC 13264(2)
,,AWM SC 13266
,1,AWM SC 13267(1)
,2,AWM SC 13267(2)
,1,AWM SC 13270(1)
,2,AWM SC 13270(2)
,1,AWM SC 13269(1)
,2,AWM SC 13269(2)
,1,AWM SC 13268(1)
,2,AWM SC 13268(2)
,1,AWM SC 13278(1)
,2,AWM SC 13278(2)
,,AWM SC 13271
,,AWM SC 13272
,,AWM SC 13273
,,AWM SC 13274
,,AWM SC 13275
,,AWM SC 13276
,,AWM SC 13277
,,AWM SC 13279
,,AWM SC 13285
,,AWM SC 13280
,,AWM SC 13281
,,AWM SC 13282
,,AWM SC 13283
,,AWM SC 13284
,,AWM SC 13286
,,
,,
,,